-- удалять нужно в правильном порядке 
delete from repair;           -- ссылается на machinery и repair_type
delete from machinery;        -- ссылается на client и machinery_category
delete from client;           -- на него ссылается machinery
delete from repair_type;      -- на него ссылается repair
delete from machinery_category; -- на него ссылается machinery


insert into client(id, company_name)
values
(1, 'Мастерская Аллас'),
(2, 'Мастерская Зелькова'),
(3, 'Мастерская Старые Парни'),
(4, 'Мук Мастерская'),
(5, 'Мастерская Ранги'),
(6, 'Индустрия колес'),
(7, 'Кристалл Ателье'),
(8, 'Ателье Логики'),
(9, 'Компания Лимбус');

insert into repair_type(id, name, cost, duration)
values
(1, 'Диагностика', 5000, 1),
(2, 'Малое обслуживание', 10000, 1),
(3, 'Среднее обслуживание', 15000, 2),
(4, 'Полное обслуживание', 25000, 5),
(5, 'Смазка маслом', 2500, 1),
(6, 'Замена ремня', 7500, 2);


insert into machinery_category(id, name)
values
(1, 'Токарный станок'),
(2, 'Древопильный станок'),
(3, 'ЧПУ станок'),
(4, 'Фрезерный станок'),
(5, 'Шлифовальный станок');

insert into machinery(id, country, year, brand, repair_ammount, id_client, id_machinery_category)
values
(1, 'Германия', 2020, 'Siemens', 1, 1, 1),
(2, 'Япония', 2019, 'Mazak', 2, 2, 2),
(3, 'Китай', 2021, 'Haas', 1, 3, 3),
(4, 'Германия', 2018, 'DMG Mori', 3, 4, 4),
(5, 'Италия', 2020, 'FPT', 0, 5, 5),
(6, 'Россия', 2017, 'СтанкоМаш', 3, 6, 1),
(7, 'Япония', 2022, 'Okuma', 0, 7, 2),
(8, 'Германия', 2019, 'Trumpf', 2, 8, 3),
(9, 'Китай', 2020, 'Jir Fine', 0, 7, 4),
(10, 'США', 2021, 'Hurco', 3, 1, 5),
(11, 'Корея', 2018, 'Doosan', 1, 2, 2);


insert into repair(id, repair_start, repair_end, id_machinery, id_repair_type)
values
(1, '2026-04-10', '2026-04-11', 2, 1),
(2, '2026-04-01', '2026-04-02', 4, 2),
(3, '2026-05-15', '2026-05-20', 6, 4),
(4, '2026-05-01', '2026-05-02', 8, 1),
(5, '2026-05-10', '2026-05-12', 11, 3),
(6, '2026-05-05', '2026-05-06', 2, 2),
(7, '2026-05-12', '2026-05-14', 4, 6),
(8, '2026-05-20', '2026-05-21', 11, 1),
(9, '2026-05-05', '2026-05-10', 2, 5),
(10, '2026-05-12', '2026-05-17', 4, 5),
(11, '2026-05-20', '2026-05-21', 11, 2);

